{"cameraMode":{"drawMode":0,"name":"Shaded","section":"Shading Mode"},"sceneLighting":false,"audioPlay":false,"sceneViewState":{"showFog":true,"showMaterialUpdate":false,"showSkybox":true,"showFlares":true,"showImageEffects":true,"showParticleSystems":true},"in2DMode":false,"pivot":{"x":173.11019897460938,"y":-81.68720245361328,"z":-303.478271484375},"rotation":{"x":0.008997798897325993,"y":0.9907003045082092,"z":-0.10766793042421341,"w":0.0827791839838028},"size":499.1639709472656,"orthographic":false}